# TODO: expand per [[Especial:TodasLasRedirecciones]], delete obsolete templates

Pronunciación = pronunciación
Etimología = etimología
etimologia = etimología
etyl = etimología
Desambiguación = desambiguación
Desambiguacion = desambiguación
desambiguacion = desambiguación
desamb = desambiguación
Desambig = desambiguación
Notadesambiguación = desambiguación
Desambiguado = desambiguación
grafías alternativas = grafía alternativa
ucf = plm
Anagramas = anagrama
Parónimos = parónimo
tit ref = título referencias
sustantivo masculino y femenino = sustantivo femenino y masculino
acrónimo = sigla
redireccion suave = redirección suave
Hipónimos = hipónimo
Hiperónimos = hiperónimo
locución preposicional = locución prepositiva
véase = trad-véase
utcs = setc
trans-top = trad-arriba
trans-mid = trad-centro
trans-bottom = trad-abajo
Unicode = unicode

Ampliable = ampliable
Definición = definición
Discutido = discutido
Stub = esbozo
stub = esbozo
en desarrollo = endesarrollo
en obras = endesarrollo
enobras = endesarrollo 
Esbozo = esbozo
Formato = estructura
formato = estructura
revisar = revisión

DRAE1914 = DLC1914
DUE = MaríaMoliner
Moliner = MaríaMoliner
NDLC1866 = Labernia1866
dlc1914 = DLC1914
dme1831 = DME1831
dme1864 = DME1864
dp2002 = DP2002
drae1914 = DLC1914

inflect.roa-ptg.adj = inflect.roa-opt.adj
inflect.roa-ptg.adj.reg = inflect.roa-opt.adj.reg
inflect.roa-ptg.adj.no-género = inflect.roa-opt.adj.no-género
inflect.roa-ptg.sust.reg = inflect.roa-opt.sust.reg
inflect.roa-ptg.sust.reg-cons = inflect.roa-opt.sust.reg-cons

# TODO: these are not transcluded, analyze "leng" params instead

aka = ak
allentiac = qbt
arg = an
aus-dar = 0hk
ava = av
ave = ae
bak = ba
bam = bm
bat-smg = sgs
be-x-old = be
bod = bo
ces = cs
cha = ch
che = ce
chu = cu
chv = cv
cor = kw
cos = co
cre = cr
cym = cy
div = dv
ewe = ee
fas = fa
fiu-vro = vro
ful = ff
gem = gem-pro
gkm = qgk
gla = gd
gle = ga
glv = gv
her = hz
hmo = ho
hrv = hr
hye = hy
ind = id
jav = jv
kal = kl
kat = ka
lzh = zh-classical
mah = mh
mlt = mt
mri = mi
nb = no
nln = azd
nrm = nrf
oji = oj
ood = nai
protoindoeuropeo = ine
prv = oc
roa-oca = oca
roa-ptg = roa-opt
roa-rup = rup
roa-tara = roa-tar
roh = rm
sna = sn
srd = sc
srp = sr
ssw = ss
tsz = pua
yue = zh-yue
zh-cn = zh
zh-min-nan = nan
zh-wuu = wuu

AR = AR-ES
CA = CA-ES
CHN = CMN-ES
EN = EN-ES
EU = EU-ES
FR = FR-ES
GL = GL-ES
IT = IT-ES
LA = LA-ES
MN = MN-ES
PL = PL-ES
PT = PT-ES
QU = QU-ES

Allentiac-ES = QBT-ES
BAT-SMG-ES = SGS-ES
CYM-ES = CY-ES
FIU-VRO-ES = VRO-ES
FRS-ES = STQ-ES
LZH-ES = ZH-CLASSICAL-ES
MYA-ES = MY-ES
NLD-ES = NL-ES
OFR-ES = FRO-ES
PROTOPOLINESIO-ES = POZ-POL-ES
Protopolinesio-ES = POZ-POL-ES
PRV-ES = OC-ES
TGL-ES = TL-ES
TOG-ES = TO-ES
TSZ-ES = PUA-ES
YUE-ES = ZH-YUE-ES
ZH-ES = CMN-ES

Indoeuropeo = INE-ES
castellanoantiguo = OSP-ES
Aymará-Español = AY-ES
Guaraní-Español = GN-ES
Náhuatl-Español = NAH-ES
Quechua-Español = QU-ES

Caracter oriental = Carácter oriental

# Semantic templates

Aeronáutica = aeronáutica
Agricultura = agricultura
Ajedrez = ajedrez
Álgebra = álgebra
alimento = alimentos
Alpinismo = alpinismo
Alquimia = alquimia
Anatomía = anatomía
anfibio = anfibios
Angiología = angiología
Antropología = antropología
Antropotomía = antropotomía
árbol = árboles
Aritmética = aritmética
Armamento = armamento
Arqueología = arqueología
Arquitectura = arquitectura
Arte = arte
Artes = arte
Artes marciales = artes marciales
Astrofísica = astrofísica
Astrología = astrología
Astronomía = astronomía
Atletismo = atletismo
Audiología = audiología
Automovilismo = automovilismo
Baile = danza
Baloncesto = baloncesto
bebidas = bebida
Béisbol = béisbol
Billar = billar
Biología = biología
Bioquímica = bioquímica
Bolos = bolos
Botánica = botánica
Cacería = cinegética
Cardiología = cardiología
Carpintería = carpintería
Caza = cinegética
Cerrajería = cerrajería
Cetrería = cetrería
Ciclismo = ciclismo
Ciencia = ciencia
Ciencia ficción = ciencia ficción
Cine = cine
Cinegética = cinegética
Cinematografía = cine
Cinología = cinología
Cirugía = cirugía
Comercio = comercio
condimentos = especias
Construcción = construcción
Contabilidad = contabilidad
Cosmética = cosmética
Cosmetología = cosmética
Cosmología = cosmología
Costura = costura
Cronología = cronología
crustáceo = crustáceos
Cubertería = cubertería
Cultura = cultura
Danza = danza
Deporte = deporte
Deportes = deporte
Derecho = derecho
Diseño = diseño
Ecología = ecología
Economía = economía
Edafología = edafología
Educación = educación
Electricidad = electricidad
Electrónica = electrónica
enfermedad = enfermedades
Enología = enología
Entomología = entomología
Equitación = equitación
Escultura = escultura
Esgrima = esgrima
Estadística = estadística
Estomatología = estomatología
Ética = ética
fantasía = ficción
Farmacia = farmacología
Farmacología = farmacología
Ficción = ficción
Ficción fantástica = ficción
Filatelia = filatelia
Filosofía = filosofía
Finanzas = finanzas
Física = física
Fisiología = fisiología
Folclore = folclore
Fonética = fonética
Fotografía = fotografía
fraccionario = fraccionarios
Fútbol = fútbol
Ganadería = ganadería
Gastronomía = gastronomía
Geografía = geografía
Geología = geología
Geometría = geometría
Gimnasia = gimnasia
glotónimo = glotónimos
Gramática = lingüística
gramática = lingüística
Halconería = cetrería
Heráldica = heráldica
Hípica = equitación
Historia = historia
Historieta = historieta
Hockey sobre césped = hockey sobre césped
hongo = hongos
Horticultura = horticultura
Ictiología = ictiología
idiomas = lenguas
Imprenta = imprenta
Industria = industria
Informática = informática
Ingeniería = ingeniería
Inmunología = inmunología
insecto = insectos
Juego = juegos
Juegos = juegos
lenguas = glotónimos
Lingüística = lingüística
Literatura = literatura
Lógica = lógica
Logística = logística
Lucha = lucha
Malabarismo = malabarismo
mamífero = mamíferos
Marina = náutica
marina = náutica
Matemática = matemáticas
matemática = matemáticas
Matemáticas = matemáticas
Mecánica = mecánica
Medicina = medicina
Metalurgia = metalurgia
Meteorología = meteorología
Metrología = metrología
Micología = micología
Microbiología = microbiología
Milicia = milicia
Mineralogía = mineralogía
Minería = minería
Mitología = mitología
Mobiliario = mobiliario
molusco = moluscos
Moneda = monedas
moneda = monedas
Montería = cinegética
muebles = mobiliario
Música = música
Naipes = naipes
Natación = natación
Náutica = náutica
Neurología = neurología
número = números
Numismática = numismática
Nutrición = nutrición
Ocultismo = ocultismo
Ocupaciones = ocupaciones
Odontología = odontología
Oftalmología = oftalmología
Óptica = óptica
Ornitología = ornitología
Paleontología = paleontología
Periodismo = periodismo
Pesca = pesca
Pintura = pintura
planeta = planetas
planta = plantas
Poesía = poesía
Política = política
prenda = vestimenta
prendas = vestimenta
Psicología = psicología
Psiquiatría = psiquiatría
Química = química
recetas = platos
Religión = religión
Relojería = relojería
reptil = reptiles
Retórica = retórica
ropa = vestimenta
Rugby = rugby
Sexualidad = sexualidad
Silvicultura = silvicultura
Sociología = sociología
Tauromaquia = tauromaquia
Teatro = teatro
Tecnología = tecnología
tela = textiles
telas = textiles
Telecomunicación = telecomunicación
Telecomunicaciones = telecomunicación
Tenis = tenis
Teología = religión
Termodinámica = termodinámica
textil = textiles
Textiles = textiles
Tipografía = tipografía
topónimo = topónimos
Transporte = transporte
Vestimenta = vestimenta
Veterinaria = veterinaria
Vivienda = vivienda
yerbas = hierbas
Zoología = zoología
Zootomía = zootomía
